{
  "prepare_queue": {
    "installed": [],
    "uninstalled": []
  },
  "config_munge": {
    "files": {
      "config.xml": {
        "parents": {
          "/*": [
            {
              "xml": "<feature name=\"Device\"><param name=\"browser-package\" value=\"Device\" /></feature>",
              "count": 1
            }
          ]
        }
      }
    }
  },
  "installed_plugins": {
    "cordova-plugin-battery-status": {
      "PACKAGE_NAME": "io.cordova.FitLife"
    },
    "cordova-plugin-device": {
      "PACKAGE_NAME": "io.cordova.FitLife"
    },
    "cordova-plugin-local-notification": {
      "PACKAGE_NAME": "io.cordova.FitLife"
    },
    "cordova-plugin-dialogs": {
      "PACKAGE_NAME": "io.cordova.FitLife"
    },
    "cordova-plugin-vibration": {
      "PACKAGE_NAME": "io.cordova.FitLife"
    }
  },
  "dependent_plugins": {},
  "modules": [
    {
      "file": "plugins/cordova-plugin-battery-status/www/battery.js",
      "id": "cordova-plugin-battery-status.battery",
      "pluginId": "cordova-plugin-battery-status",
      "clobbers": [
        "navigator.battery"
      ]
    },
    {
      "file": "plugins/cordova-plugin-battery-status/src/browser/BatteryProxy.js",
      "id": "cordova-plugin-battery-status.Battery",
      "pluginId": "cordova-plugin-battery-status",
      "runs": true
    },
    {
      "file": "plugins/cordova-plugin-device/www/device.js",
      "id": "cordova-plugin-device.device",
      "pluginId": "cordova-plugin-device",
      "clobbers": [
        "device"
      ]
    },
    {
      "file": "plugins/cordova-plugin-device/src/browser/DeviceProxy.js",
      "id": "cordova-plugin-device.DeviceProxy",
      "pluginId": "cordova-plugin-device",
      "runs": true
    },
    {
      "file": "plugins/cordova-plugin-local-notification/www/local-notification.js",
      "id": "cordova-plugin-local-notification.LocalNotification",
      "pluginId": "cordova-plugin-local-notification",
      "clobbers": [
        "cordova.plugins.notification.local"
      ]
    },
    {
      "file": "plugins/cordova-plugin-dialogs/www/notification.js",
      "id": "cordova-plugin-dialogs.notification",
      "pluginId": "cordova-plugin-dialogs",
      "merges": [
        "navigator.notification"
      ]
    },
    {
      "file": "plugins/cordova-plugin-dialogs/www/browser/notification.js",
      "id": "cordova-plugin-dialogs.notification_browser",
      "pluginId": "cordova-plugin-dialogs",
      "merges": [
        "navigator.notification"
      ]
    },
    {
      "file": "plugins/cordova-plugin-vibration/src/browser/Vibration.js",
      "id": "cordova-plugin-vibration.Vibration",
      "pluginId": "cordova-plugin-vibration",
      "merges": [
        "navigator"
      ]
    },
    {
      "file": "plugins/cordova-plugin-vibration/www/vibration.js",
      "id": "cordova-plugin-vibration.notification",
      "pluginId": "cordova-plugin-vibration",
      "merges": [
        "navigator"
      ]
    }
  ],
  "plugin_metadata": {
    "cordova-plugin-battery-status": "2.0.3",
    "cordova-plugin-device": "3.0.0",
    "cordova-plugin-local-notification": "1.1.7",
    "cordova-plugin-dialogs": "2.0.2",
    "cordova-plugin-vibration": "3.1.1"
  }
}
