{"plugins":{"cordova-plugin-geolocation":"C:\\Users\\User\\AppData\\Roaming\\npm\\node_modules\\cordova-simulate\\src\\plugins\\cordova-plugin-geolocation","exec":"C:\\Users\\User\\AppData\\Roaming\\npm\\node_modules\\cordova-simulate\\src\\plugins\\exec","events":"C:\\Users\\User\\AppData\\Roaming\\npm\\node_modules\\cordova-simulate\\src\\plugins\\events","cordova-plugin-device":"C:\\Users\\User\\AppData\\Roaming\\npm\\node_modules\\cordova-simulate\\src\\plugins\\cordova-plugin-device","cordova-plugin-battery-status":"C:\\Users\\User\\AppData\\Roaming\\npm\\node_modules\\cordova-simulate\\src\\plugins\\cordova-plugin-battery-status","cordova-plugin-dialogs":"C:\\Users\\User\\AppData\\Roaming\\npm\\node_modules\\cordova-simulate\\src\\plugins\\cordova-plugin-dialogs","cordova-plugin-vibration":"C:\\Users\\User\\AppData\\Roaming\\npm\\node_modules\\cordova-simulate\\src\\plugins\\cordova-plugin-vibration"},"files":{"C:\\Users\\User\\AppData\\Roaming\\npm\\node_modules\\cordova-simulate\\src\\modules\\event.js":1745243066690,"C:\\Users\\User\\AppData\\Roaming\\npm\\node_modules\\cordova-simulate\\src\\modules\\argscheck.js":1745243066670,"C:\\Users\\User\\AppData\\Roaming\\npm\\node_modules\\cordova-simulate\\src\\app-host\\app-host.js":1745243066666,"C:\\Users\\User\\AppData\\Roaming\\npm\\node_modules\\cordova-simulate\\src\\modules\\sim-constants.js":1745243066719,"C:\\Users\\User\\AppData\\Roaming\\npm\\node_modules\\cordova-simulate\\src\\modules\\telemetry-helper.js":1745243066738,"C:\\Users\\User\\AppData\\Roaming\\npm\\node_modules\\cordova-simulate\\src\\modules\\messages.js":1745243066703,"C:\\Users\\User\\AppData\\Roaming\\npm\\node_modules\\cordova-simulate\\src\\modules\\exception.js":1745243066691,"C:\\Users\\User\\AppData\\Roaming\\npm\\node_modules\\cordova-simulate\\src\\modules\\xhr-proxy.js":1745243066743,"C:\\Users\\User\\AppData\\Roaming\\npm\\node_modules\\cordova-simulate\\src\\modules\\polyfills.js":1745243066714,"C:\\Users\\User\\AppData\\Roaming\\npm\\node_modules\\cordova-simulate\\src\\modules\\utils.js":1745243066740,"C:\\Users\\User\\AppData\\Roaming\\npm\\node_modules\\cordova-simulate\\src\\modules\\db.js":1745243066685,"C:\\Users\\User\\AppData\\Roaming\\npm\\node_modules\\cordova-simulate\\src\\third-party\\jquery.min.js":1745243066699,"C:\\Users\\User\\AppData\\Roaming\\npm\\node_modules\\cordova-simulate\\src\\third-party\\socket.io.js":1745243066736,"C:\\Users\\User\\AppData\\Roaming\\npm\\node_modules\\cordova-simulate\\src\\plugins\\cordova-plugin-device\\app-host.js":1745243066667,"C:\\Users\\User\\AppData\\Roaming\\npm\\node_modules\\cordova-simulate\\src\\plugins\\cordova-plugin-geolocation\\app-host-clobbers.js":1745243066661,"C:\\Users\\User\\AppData\\Roaming\\npm\\node_modules\\cordova-simulate\\src\\plugins\\cordova-plugin-dialogs\\app-host.js":1745243066668,"C:\\Users\\User\\AppData\\Roaming\\npm\\node_modules\\cordova-simulate\\src\\plugins\\cordova-plugin-vibration\\app-host.js":1745243066669,"C:\\Users\\User\\AppData\\Roaming\\npm\\node_modules\\cordova-simulate\\src\\plugins\\events\\app-host.js":1745243066669,"C:\\Users\\User\\AppData\\Roaming\\npm\\node_modules\\cordova-simulate\\src\\third-party\\webcomponents.min.js":1745243066742,"C:\\Users\\User\\AppData\\Roaming\\npm\\node_modules\\cordova-simulate\\src\\app-host\\live-reload-client.js":1745243066700,"C:\\Users\\User\\AppData\\Roaming\\npm\\node_modules\\cordova-simulate\\src\\app-host\\touch-events.js":1745243066740,"C:\\Users\\User\\AppData\\Roaming\\npm\\node_modules\\cordova-simulate\\src\\plugins\\cordova-plugin-geolocation\\PositionError.js":1745243066715,"C:\\Users\\User\\AppData\\Roaming\\npm\\node_modules\\cordova-simulate\\src\\plugins\\cordova-plugin-geolocation\\Position.js":1745243066715,"C:\\Users\\User\\AppData\\Roaming\\npm\\node_modules\\cordova-simulate\\node_modules\\url\\url.js":1745243066261,"C:\\Users\\User\\AppData\\Roaming\\npm\\node_modules\\cordova-simulate\\src\\plugins\\cordova-plugin-geolocation\\Coordinates.js":1745243066678,"C:\\Users\\User\\AppData\\Roaming\\npm\\node_modules\\cordova-simulate\\node_modules\\qs\\lib\\index.js":1745243066240,"C:\\Users\\User\\AppData\\Roaming\\npm\\node_modules\\cordova-simulate\\node_modules\\punycode\\punycode.js":1745243066109,"C:\\Users\\User\\AppData\\Roaming\\npm\\node_modules\\cordova-simulate\\node_modules\\qs\\lib\\stringify.js":1745243066346,"C:\\Users\\User\\AppData\\Roaming\\npm\\node_modules\\cordova-simulate\\node_modules\\qs\\lib\\parse.js":1745243066272,"C:\\Users\\User\\AppData\\Roaming\\npm\\node_modules\\cordova-simulate\\node_modules\\qs\\lib\\formats.js":1745243066210,"C:\\Users\\User\\AppData\\Roaming\\npm\\node_modules\\cordova-simulate\\node_modules\\qs\\lib\\utils.js":1745243066369,"C:\\Users\\User\\AppData\\Roaming\\npm\\node_modules\\cordova-simulate\\node_modules\\side-channel\\index.js":1745243066186,"C:\\Users\\User\\AppData\\Roaming\\npm\\node_modules\\cordova-simulate\\node_modules\\es-errors\\type.js":1745243066299,"C:\\Users\\User\\AppData\\Roaming\\npm\\node_modules\\cordova-simulate\\node_modules\\side-channel-weakmap\\index.js":1745243066185,"C:\\Users\\User\\AppData\\Roaming\\npm\\node_modules\\cordova-simulate\\node_modules\\object-inspect\\index.js":1745243066393,"C:\\Users\\User\\AppData\\Roaming\\npm\\node_modules\\cordova-simulate\\node_modules\\side-channel-map\\index.js":1745243066185,"C:\\Users\\User\\AppData\\Roaming\\npm\\node_modules\\cordova-simulate\\node_modules\\side-channel-list\\index.js":1745243066185,"C:\\Users\\User\\AppData\\Roaming\\npm\\node_modules\\cordova-simulate\\node_modules\\browser-resolve\\empty.js":1745243066044,"C:\\Users\\User\\AppData\\Roaming\\npm\\node_modules\\cordova-simulate\\node_modules\\get-intrinsic\\index.js":1745243066207,"C:\\Users\\User\\AppData\\Roaming\\npm\\node_modules\\cordova-simulate\\node_modules\\call-bound\\index.js":1745243066144,"C:\\Users\\User\\AppData\\Roaming\\npm\\node_modules\\cordova-simulate\\node_modules\\math-intrinsics\\abs.js":1745243066091,"C:\\Users\\User\\AppData\\Roaming\\npm\\node_modules\\cordova-simulate\\node_modules\\es-errors\\range.js":1745243066229,"C:\\Users\\User\\AppData\\Roaming\\npm\\node_modules\\cordova-simulate\\node_modules\\es-errors\\ref.js":1745243066257,"C:\\Users\\User\\AppData\\Roaming\\npm\\node_modules\\cordova-simulate\\node_modules\\math-intrinsics\\min.js":1745243066358,"C:\\Users\\User\\AppData\\Roaming\\npm\\node_modules\\cordova-simulate\\node_modules\\es-errors\\uri.js":1745243066313,"C:\\Users\\User\\AppData\\Roaming\\npm\\node_modules\\cordova-simulate\\node_modules\\math-intrinsics\\max.js":1745243066314,"C:\\Users\\User\\AppData\\Roaming\\npm\\node_modules\\cordova-simulate\\node_modules\\math-intrinsics\\pow.js":1745243066373,"C:\\Users\\User\\AppData\\Roaming\\npm\\node_modules\\cordova-simulate\\node_modules\\get-proto\\Object.getPrototypeOf.js":1745243066229,"C:\\Users\\User\\AppData\\Roaming\\npm\\node_modules\\cordova-simulate\\node_modules\\es-errors\\eval.js":1745243066091,"C:\\Users\\User\\AppData\\Roaming\\npm\\node_modules\\cordova-simulate\\node_modules\\es-errors\\syntax.js":1745243066280,"C:\\Users\\User\\AppData\\Roaming\\npm\\node_modules\\cordova-simulate\\node_modules\\math-intrinsics\\sign.js":1745243066385,"C:\\Users\\User\\AppData\\Roaming\\npm\\node_modules\\cordova-simulate\\node_modules\\get-proto\\Reflect.getPrototypeOf.js":1745243066257,"C:\\Users\\User\\AppData\\Roaming\\npm\\node_modules\\cordova-simulate\\node_modules\\math-intrinsics\\floor.js":1745243066144,"C:\\Users\\User\\AppData\\Roaming\\npm\\node_modules\\cordova-simulate\\node_modules\\call-bind-apply-helpers\\functionApply.js":1745243066220,"C:\\Users\\User\\AppData\\Roaming\\npm\\node_modules\\cordova-simulate\\node_modules\\call-bind-apply-helpers\\functionCall.js":1745243066248,"C:\\Users\\User\\AppData\\Roaming\\npm\\node_modules\\cordova-simulate\\node_modules\\math-intrinsics\\round.js":1745243066379,"C:\\Users\\User\\AppData\\Roaming\\npm\\node_modules\\cordova-simulate\\node_modules\\es-object-atoms\\index.js":1745243066093,"C:\\Users\\User\\AppData\\Roaming\\npm\\node_modules\\cordova-simulate\\node_modules\\es-errors\\index.js":1745243066144,"C:\\Users\\User\\AppData\\Roaming\\npm\\node_modules\\cordova-simulate\\node_modules\\gopd\\index.js":1745243066144,"C:\\Users\\User\\AppData\\Roaming\\npm\\node_modules\\cordova-simulate\\node_modules\\es-define-property\\index.js":1745243066145,"C:\\Users\\User\\AppData\\Roaming\\npm\\node_modules\\cordova-simulate\\node_modules\\get-proto\\index.js":1745243066144,"C:\\Users\\User\\AppData\\Roaming\\npm\\node_modules\\cordova-simulate\\node_modules\\has-symbols\\index.js":1745243066237,"C:\\Users\\User\\AppData\\Roaming\\npm\\node_modules\\cordova-simulate\\node_modules\\hasown\\index.js":1745243066154,"C:\\Users\\User\\AppData\\Roaming\\npm\\node_modules\\cordova-simulate\\node_modules\\call-bind-apply-helpers\\index.js":1745243066274,"C:\\Users\\User\\AppData\\Roaming\\npm\\node_modules\\cordova-simulate\\node_modules\\function-bind\\index.js":1745243066231,"C:\\Users\\User\\AppData\\Roaming\\npm\\node_modules\\cordova-simulate\\node_modules\\math-intrinsics\\isNaN.js":1745243066280,"C:\\Users\\User\\AppData\\Roaming\\npm\\node_modules\\cordova-simulate\\node_modules\\gopd\\gOPD.js":1745243066091,"C:\\Users\\User\\AppData\\Roaming\\npm\\node_modules\\cordova-simulate\\node_modules\\call-bind-apply-helpers\\actualApply.js":1745243066144,"C:\\Users\\User\\AppData\\Roaming\\npm\\node_modules\\cordova-simulate\\node_modules\\has-symbols\\shams.js":1745243066295,"C:\\Users\\User\\AppData\\Roaming\\npm\\node_modules\\cordova-simulate\\node_modules\\function-bind\\implementation.js":1745243066199,"C:\\Users\\User\\AppData\\Roaming\\npm\\node_modules\\cordova-simulate\\node_modules\\dunder-proto\\get.js":1745243066144,"C:\\Users\\User\\AppData\\Roaming\\npm\\node_modules\\cordova-simulate\\node_modules\\call-bind-apply-helpers\\reflectApply.js":1745243066314}}