{"plugins":{"cordova-plugin-geolocation":"C:\\Users\\User\\AppData\\Roaming\\npm\\node_modules\\cordova-simulate\\src\\plugins\\cordova-plugin-geolocation","exec":"C:\\Users\\User\\AppData\\Roaming\\npm\\node_modules\\cordova-simulate\\src\\plugins\\exec","events":"C:\\Users\\User\\AppData\\Roaming\\npm\\node_modules\\cordova-simulate\\src\\plugins\\events","cordova-plugin-device":"C:\\Users\\User\\AppData\\Roaming\\npm\\node_modules\\cordova-simulate\\src\\plugins\\cordova-plugin-device","cordova-plugin-battery-status":"C:\\Users\\User\\AppData\\Roaming\\npm\\node_modules\\cordova-simulate\\src\\plugins\\cordova-plugin-battery-status","cordova-plugin-dialogs":"C:\\Users\\User\\AppData\\Roaming\\npm\\node_modules\\cordova-simulate\\src\\plugins\\cordova-plugin-dialogs","cordova-plugin-vibration":"C:\\Users\\User\\AppData\\Roaming\\npm\\node_modules\\cordova-simulate\\src\\plugins\\cordova-plugin-vibration"},"files":{"C:\\Users\\User\\AppData\\Roaming\\npm\\node_modules\\cordova-simulate\\src\\modules\\exception.js":1745243066691,"C:\\Users\\User\\AppData\\Roaming\\npm\\node_modules\\cordova-simulate\\src\\modules\\messages.js":1745243066703,"C:\\Users\\User\\AppData\\Roaming\\npm\\node_modules\\cordova-simulate\\src\\modules\\db.js":1745243066685,"C:\\Users\\User\\AppData\\Roaming\\npm\\node_modules\\cordova-simulate\\src\\modules\\event.js":1745243066690,"C:\\Users\\User\\AppData\\Roaming\\npm\\node_modules\\cordova-simulate\\src\\modules\\utils.js":1745243066740,"C:\\Users\\User\\AppData\\Roaming\\npm\\node_modules\\cordova-simulate\\src\\modules\\xhr-proxy.js":1745243066743,"C:\\Users\\User\\AppData\\Roaming\\npm\\node_modules\\cordova-simulate\\src\\modules\\polyfills.js":1745243066714,"C:\\Users\\User\\AppData\\Roaming\\npm\\node_modules\\cordova-simulate\\src\\modules\\telemetry-helper.js":1745243066738,"C:\\Users\\User\\AppData\\Roaming\\npm\\node_modules\\cordova-simulate\\src\\modules\\sim-constants.js":1745243066719,"C:\\Users\\User\\AppData\\Roaming\\npm\\node_modules\\cordova-simulate\\src\\modules\\argscheck.js":1745243066670,"C:\\Users\\User\\AppData\\Roaming\\npm\\node_modules\\cordova-simulate\\src\\third-party\\socket.io.js":1745243066736,"C:\\Users\\User\\AppData\\Roaming\\npm\\node_modules\\cordova-simulate\\src\\third-party\\webcomponents.min.js":1745243066742,"C:\\Users\\User\\AppData\\Roaming\\npm\\node_modules\\cordova-simulate\\src\\modules\\sim-host\\dialog.js":1745243066689,"C:\\Users\\User\\AppData\\Roaming\\npm\\node_modules\\cordova-simulate\\src\\third-party\\jquery.min.js":1745243066699,"C:\\Users\\User\\AppData\\Roaming\\npm\\node_modules\\cordova-simulate\\src\\sim-host\\ui\\sim-host.js":1745243066732,"C:\\Users\\User\\AppData\\Roaming\\npm\\node_modules\\cordova-simulate\\src\\plugins\\exec\\sim-host.js":1745243066732,"C:\\Users\\User\\AppData\\Roaming\\npm\\node_modules\\cordova-simulate\\src\\plugins\\cordova-plugin-geolocation\\sim-host.js":1745243066730,"C:\\Users\\User\\AppData\\Roaming\\npm\\node_modules\\cordova-simulate\\src\\plugins\\cordova-plugin-battery-status\\sim-host-handlers.js":1745243066721,"C:\\Users\\User\\AppData\\Roaming\\npm\\node_modules\\cordova-simulate\\src\\plugins\\events\\sim-host.js":1745243066732,"C:\\Users\\User\\AppData\\Roaming\\npm\\node_modules\\cordova-simulate\\src\\plugins\\cordova-plugin-battery-status\\sim-host.js":1745243066727,"C:\\Users\\User\\AppData\\Roaming\\npm\\node_modules\\cordova-simulate\\src\\plugins\\exec\\sim-host-handlers.js":1745243066726,"C:\\Users\\User\\AppData\\Roaming\\npm\\node_modules\\cordova-simulate\\src\\plugins\\cordova-plugin-vibration\\sim-host-handlers.js":1745243066726,"C:\\Users\\User\\AppData\\Roaming\\npm\\node_modules\\cordova-simulate\\src\\plugins\\cordova-plugin-device\\sim-host-handlers.js":1745243066723,"C:\\Users\\User\\AppData\\Roaming\\npm\\node_modules\\cordova-simulate\\src\\plugins\\cordova-plugin-device\\sim-host.js":1745243066729,"C:\\Users\\User\\AppData\\Roaming\\npm\\node_modules\\cordova-simulate\\src\\plugins\\cordova-plugin-geolocation\\sim-host-handlers.js":1745243066724,"C:\\Users\\User\\AppData\\Roaming\\npm\\node_modules\\cordova-simulate\\src\\modules\\sim-host\\sim-status.js":1745243066733,"C:\\Users\\User\\AppData\\Roaming\\npm\\node_modules\\cordova-simulate\\src\\plugins\\cordova-plugin-dialogs\\sim-host-handlers.js":1745243066723,"C:\\Users\\User\\AppData\\Roaming\\npm\\node_modules\\cordova-simulate\\src\\plugins\\cordova-plugin-geolocation\\PositionError.js":1745243066715,"C:\\Users\\User\\AppData\\Roaming\\npm\\node_modules\\cordova-simulate\\src\\sim-host\\ui\\custom-elements.js":1745243066684,"C:\\Users\\User\\AppData\\Roaming\\npm\\node_modules\\cordova-simulate\\src\\plugins\\exec\\saved-sims.js":1745243066718,"C:\\Users\\User\\AppData\\Roaming\\npm\\node_modules\\cordova-simulate\\src\\plugins\\cordova-plugin-battery-status\\battery.js":1745243066670,"C:\\Users\\User\\AppData\\Roaming\\npm\\node_modules\\cordova-simulate\\src\\sim-host\\protocol\\socket.js":1745243066737,"C:\\Users\\User\\AppData\\Roaming\\npm\\node_modules\\cordova-simulate\\src\\plugins\\cordova-plugin-device\\device-model.js":1745243066686,"C:\\Users\\User\\AppData\\Roaming\\npm\\node_modules\\cordova-simulate\\src\\plugins\\cordova-plugin-geolocation\\geo-model.js":1745243066694,"C:\\Users\\User\\AppData\\Roaming\\npm\\node_modules\\cordova-simulate\\src\\devices\\os-versions.json":1745243066749}}